KMeans_Cluster,Recency,Frequency,Monetary,AvgBasketValue,AvgQuantity,UniqueProducts,LifetimeDays,PurchaseRate,AvgGapDays,AvgGapDaysMissing,StdGapDays,PurchasesLast30Days,SpendLast30Days,PurchasesLast90Days,SpendLast90Days,ReturnRate,RevenuePerDay,AvgSpendPerProduct,ProductDiversityRate,RecencyFrequency,SpendTrendRatio,FrequencyLast90DaysRatio,IsNewCustomer
0,45.53152279340446,5.802133850630456,1913.94922114452,335.2922156485799,209.89760835215088,114.94665373423861,367.6605237633366,0.02311090695710663,105.85015756389215,0.0,57.80275241582336,0.2948593598448109,79.1901648884578,1.3501454898157128,426.3788758486906,0.023915808132667,7.318290501735833,28.08447529939007,20.371955603134978,10.763544710464425,224.66861459915336,0.9459786307022,0.07759456838021339
1,15.661904761904761,21.704761904761906,12542.668766666666,506.04460662707356,328.092262663023,447.1222222222222,516.6619047619048,0.04324132890826284,39.461509530662155,0.0,32.93207129585382,1.4603174603174602,810.5575396825396,3.5841269841269843,2036.0279841269844,0.027134719899526025,23.96643778305956,39.516939486107475,22.842754816497187,1.1461124767985014,127.81055316116239,1.0380845257795177,0.007936507936507936
2,84.18571428571428,1.0666666666666667,471.30271428571433,389.45178571428573,210.66626984126984,22.595238095238095,1.0476190476190477,1.0435714285714286,1.1111111111111112,0.9357142857142857,0.0,0.2357142857142857,83.6947380952381,0.5857142857142857,214.98490476190477,0.019222654221152585,466.8728591269841,64.75051679895934,21.483333333333334,81.70119047619048,214.98490476190477,0.5857142857142857,1.0
3,127.03586800573888,5.2439024390243905,1945.4923414634147,367.6737683578779,215.52388496637911,105.57101865136299,334.012912482066,0.01937039372766004,117.55490398551933,0.0,53.13383682062247,0.0,0.0,0.00430416068866571,0.13275466284074605,0.029232724643761265,7.093448491669482,32.077578556201274,20.09177295855059,35.17167481447859,0.00042224632535225185,0.0019129603060736489,0.05164992826398852
