TopCustomer_%,CustomerCount,ActualRevenueCaptured,RevenueCapture_%,LiftVsRandom
5.0,27,238827.45,47.88051527707072,9.576103055414144
10.0,55,284827.57,57.10269408611084,5.710269408611084
20.0,111,362787.6299999999,72.7322536021185,3.6366126801059253
30.0,166,400071.71,80.20702654815771,2.6735675516052573
50.0,278,450938.25,90.40483314686205,1.808096662937241
