Model,Clusters,Noise_Count,Noise_%,Silhouette_Score,Davies_Bouldin_Score,Calinski_Harabasz_Score
DBSCAN,4,623,22.42620590352772,0.3668928407373143,1.1806724264685473,457.6550480837011
GaussianMixture,4,0,0.0,0.2147117109321679,2.0076994752757105,585.3915074229772
Agglomerative,4,0,0.0,0.199701556736947,2.0062988923482044,585.1483000711652
KMeans,4,0,0.0,0.1958198855803622,1.708888430712773,662.1104301758448
