Model,Version,MSE,RMSE,MAE,R2,MEDIAN_AE,RMSLE,WMAPE_%,Revenue_Error_%,Prediction_Actual_Ratio,Spearman_Rank_Correlation,Actual_Total_Revenue,Predicted_Total_Revenue,Calibration_Factor
XGBoost_Tweedie,Calibrated,3905660.4804745615,1976.2743940239072,529.8777355944866,0.8329799126925654,251.49154984423515,3.4513270066977646,59.0642967206909,11.27265336846863,0.8872734663153137,0.6172056479835779,498798.83,442570.9668881229,1.0115888861583027
XGBoost_Tweedie,Uncalibrated,4021623.9784694267,2005.3987081050557,529.6852995481423,0.8280208965014744,253.5991769409179,3.444719240497628,59.0428463011365,12.289119894286845,0.8771088010571315,0.6172056479835779,498798.83,437500.84375,1.0
LGBM_Tweedie,Calibrated,7022738.645570925,2650.045027083677,647.2257486210638,0.6996824410149365,210.89035202455705,3.0991030209604835,72.14481963265861,48.61311326999822,0.5138688673000177,0.5233547815576436,498798.83,256317.1897826741,1.0170234047706486
LGBM_Tweedie,Uncalibrated,7181825.022015885,2679.892725841071,647.8927373707963,0.692879335466952,206.04428958754227,3.0996560808697824,72.21916739022078,49.47325057716823,0.5052674942283176,0.5233547815576436,498798.83,252026.8349581166,1.0
Baseline_Mean,Baseline,23384384.57859533,4835.740334074539,1078.856997665594,-3.772660381873294e-07,821.9304050405042,4.325051568278873,120.25779825948474,0.3310824130281706,1.0033108241302817,,498798.83,500450.2652025203,1.0
